{
  "experiment": "E6 7-9B panel (SGB-021)",
  "config": "insider-trading",
  "n_per_class": 1000,
  "panel": [
    {
      "name": "Yi-1.5-9B",
      "hf_id": "01-ai/Yi-1.5-9B-Chat"
    },
    {
      "name": "Zephyr-7B",
      "hf_id": "HuggingFaceH4/zephyr-7b-beta"
    },
    {
      "name": "Qwen2.5-7B",
      "hf_id": "Qwen/Qwen2.5-7B-Instruct"
    }
  ],
  "raw": {
    "auc_mean": 0.692348,
    "auc_std": 0.011070945903580279,
    "cohens_d_mean": 0.49728110593570685,
    "p_seed0": 2.2007025687795514e-17,
    "per_edge": {
      "Yi-1.5-9B->Zephyr-7B": 0.759556,
      "Yi-1.5-9B->Qwen2.5-7B": 0.78562,
      "Zephyr-7B->Yi-1.5-9B": 0.7731560000000001,
      "Zephyr-7B->Qwen2.5-7B": 0.765604,
      "Qwen2.5-7B->Yi-1.5-9B": 0.790996,
      "Qwen2.5-7B->Zephyr-7B": 0.770564
    },
    "per_model": {
      "Yi-1.5-9B": 0.7773320000000001,
      "Zephyr-7B": 0.76722,
      "Qwen2.5-7B": 0.7781960000000001
    }
  },
  "length_matched": {
    "auc_mean": 0.6369145361577794,
    "auc_std": 0.0059373475787884615,
    "cohens_d_mean": 0.3551931874812664,
    "p_seed0": 8.144169582532828e-08,
    "per_edge": {
      "Yi-1.5-9B->Zephyr-7B": 0.7142439737034332,
      "Yi-1.5-9B->Qwen2.5-7B": 0.729517896274653,
      "Zephyr-7B->Yi-1.5-9B": 0.7043681519357196,
      "Zephyr-7B->Qwen2.5-7B": 0.7299488677867056,
      "Qwen2.5-7B->Yi-1.5-9B": 0.7401533966398832,
      "Qwen2.5-7B->Zephyr-7B": 0.731081081081081
    },
    "per_model": {
      "Yi-1.5-9B": 0.7220708546384222,
      "Zephyr-7B": 0.7199105186267349,
      "Qwen2.5-7B": 0.7326753104455808
    },
    "n_per_class": 740,
    "dec_len_mean": 842.2662162162162,
    "hon_len_mean": 831.295945945946
  }
}