{
  "experiment": "E6 7-9B panel (SGB-021)",
  "config": "convincing-game",
  "n_per_class": 350,
  "panel": [
    {
      "name": "Yi-1.5-9B",
      "hf_id": "01-ai/Yi-1.5-9B-Chat"
    },
    {
      "name": "Zephyr-7B",
      "hf_id": "HuggingFaceH4/zephyr-7b-beta"
    },
    {
      "name": "Qwen2.5-7B",
      "hf_id": "Qwen/Qwen2.5-7B-Instruct"
    }
  ],
  "raw": {
    "auc_mean": 0.6807771428571429,
    "auc_std": 0.02717629679895923,
    "cohens_d_mean": 0.6535901075004771,
    "p_seed0": 3.521419060510677e-14,
    "per_edge": {
      "Yi-1.5-9B->Zephyr-7B": 0.8401632653061224,
      "Yi-1.5-9B->Qwen2.5-7B": 0.7207510204081633,
      "Zephyr-7B->Yi-1.5-9B": 0.6359836734693878,
      "Zephyr-7B->Qwen2.5-7B": 0.744,
      "Qwen2.5-7B->Yi-1.5-9B": 0.6328816326530613,
      "Qwen2.5-7B->Zephyr-7B": 0.8701387755102041
    },
    "per_model": {
      "Yi-1.5-9B": 0.7074448979591837,
      "Zephyr-7B": 0.7725714285714287,
      "Qwen2.5-7B": 0.7419428571428572
    }
  },
  "length_matched": {
    "auc_mean": 0.6615931472524911,
    "auc_std": 0.032843980887544526,
    "cohens_d_mean": 0.6043813436470405,
    "p_seed0": 2.454114193495131e-06,
    "per_edge": {
      "Yi-1.5-9B->Zephyr-7B": 0.7848027504224696,
      "Yi-1.5-9B->Qwen2.5-7B": 0.6870229007633588,
      "Zephyr-7B->Yi-1.5-9B": 0.6451255754326671,
      "Zephyr-7B->Qwen2.5-7B": 0.6885962356506031,
      "Qwen2.5-7B->Yi-1.5-9B": 0.637317172658936,
      "Qwen2.5-7B->Zephyr-7B": 0.8178427830546007
    },
    "per_model": {
      "Yi-1.5-9B": 0.6885670998193578,
      "Zephyr-7B": 0.7340918361400852,
      "Qwen2.5-7B": 0.7076947730318746
    },
    "n_per_class": 262,
    "dec_len_mean": 891.4923664122138,
    "hon_len_mean": 888.324427480916
  }
}