{
  "experiment": "E6 7-9B panel (SGB-021)",
  "config": "convincing-game",
  "n_per_class": 350,
  "panel": [
    {
      "name": "Yi-1.5-9B",
      "hf_id": "01-ai/Yi-1.5-9B-Chat"
    },
    {
      "name": "Zephyr-7B",
      "hf_id": "HuggingFaceH4/zephyr-7b-beta"
    },
    {
      "name": "Qwen2.5-7B",
      "hf_id": "Qwen/Qwen2.5-7B-Instruct"
    }
  ],
  "raw": {
    "auc_mean": 0.6656130612244898,
    "auc_std": 0.03213047021704135,
    "cohens_d_mean": 0.5932024564084333,
    "p_seed0": 4.4158038177845083e-07,
    "per_edge": {
      "Yi-1.5-9B->Zephyr-7B": 0.7978122448979592,
      "Yi-1.5-9B->Qwen2.5-7B": 0.6997551020408164,
      "Zephyr-7B->Yi-1.5-9B": 0.6675265306122449,
      "Zephyr-7B->Qwen2.5-7B": 0.7280326530612244,
      "Qwen2.5-7B->Yi-1.5-9B": 0.671804081632653,
      "Qwen2.5-7B->Zephyr-7B": 0.8482285714285714
    },
    "per_model": {
      "Yi-1.5-9B": 0.7092244897959183,
      "Zephyr-7B": 0.7604,
      "Qwen2.5-7B": 0.7369551020408163
    }
  },
  "length_matched": {
    "auc_mean": 0.6681809987380567,
    "auc_std": 0.022488276995874724,
    "cohens_d_mean": 0.6114007612080591,
    "p_seed0": 8.990933887528774e-07,
    "per_edge": {
      "Yi-1.5-9B->Zephyr-7B": 0.8005528513911424,
      "Yi-1.5-9B->Qwen2.5-7B": 0.6799471185625864,
      "Zephyr-7B->Yi-1.5-9B": 0.646535664923983,
      "Zephyr-7B->Qwen2.5-7B": 0.6851150772189171,
      "Qwen2.5-7B->Yi-1.5-9B": 0.6816898022955351,
      "Qwen2.5-7B->Zephyr-7B": 0.8265128297578269
    },
    "per_model": {
      "Yi-1.5-9B": 0.7021813592933117,
      "Zephyr-7B": 0.7396791058229674,
      "Qwen2.5-7B": 0.7183162069587163
    },
    "n_per_class": 257,
    "dec_len_mean": 884.3657587548638,
    "hon_len_mean": 880.8443579766537
  }
}