{
  "experiment": "E6 7-9B panel (SGB-021)",
  "config": "alignment-faking-reasoning",
  "n_per_class": 1000,
  "panel": [
    {
      "name": "Yi-1.5-9B",
      "hf_id": "01-ai/Yi-1.5-9B-Chat"
    },
    {
      "name": "Zephyr-7B",
      "hf_id": "HuggingFaceH4/zephyr-7b-beta"
    },
    {
      "name": "Qwen2.5-7B",
      "hf_id": "Qwen/Qwen2.5-7B-Instruct"
    }
  ],
  "raw": {
    "auc_mean": 0.3797288000000001,
    "auc_std": 0.00717327100840336,
    "cohens_d_mean": -0.34642059389459173,
    "p_seed0": 2.7882231764975658e-11,
    "per_edge": {
      "Yi-1.5-9B->Zephyr-7B": 0.436568,
      "Yi-1.5-9B->Qwen2.5-7B": 0.41910400000000003,
      "Zephyr-7B->Yi-1.5-9B": 0.399284,
      "Zephyr-7B->Qwen2.5-7B": 0.437868,
      "Qwen2.5-7B->Yi-1.5-9B": 0.381732,
      "Qwen2.5-7B->Zephyr-7B": 0.36594
    },
    "per_model": {
      "Yi-1.5-9B": 0.409172,
      "Zephyr-7B": 0.409915,
      "Qwen2.5-7B": 0.401161
    }
  },
  "length_matched": {
    "auc_mean": 0.3839041931081719,
    "auc_std": 0.005789068912330346,
    "cohens_d_mean": -0.3765633055037836,
    "p_seed0": 5.897306622309866e-08,
    "per_edge": {
      "Yi-1.5-9B->Zephyr-7B": 0.4082845149205328,
      "Yi-1.5-9B->Qwen2.5-7B": 0.42580206619932437,
      "Zephyr-7B->Yi-1.5-9B": 0.40474572049750673,
      "Zephyr-7B->Qwen2.5-7B": 0.3827813263733584,
      "Qwen2.5-7B->Yi-1.5-9B": 0.4154555030328817,
      "Qwen2.5-7B->Zephyr-7B": 0.38237140737127767
    },
    "per_model": {
      "Yi-1.5-9B": 0.4135719511625614,
      "Zephyr-7B": 0.39454574229066885,
      "Qwen2.5-7B": 0.40160257574421054
    },
    "n_per_class": 877,
    "dec_len_mean": 2317.551881413911,
    "hon_len_mean": 2318.461801596351
  }
}