{
  "experiment": "E6 7-9B panel (SGB-021)",
  "config": "insider-trading-reasoning",
  "n_per_class": 1000,
  "panel": [
    {
      "name": "Yi-1.5-9B",
      "hf_id": "01-ai/Yi-1.5-9B-Chat"
    },
    {
      "name": "Zephyr-7B",
      "hf_id": "HuggingFaceH4/zephyr-7b-beta"
    },
    {
      "name": "Qwen2.5-7B",
      "hf_id": "Qwen/Qwen2.5-7B-Instruct"
    }
  ],
  "raw": {
    "auc_mean": 0.6102528,
    "auc_std": 0.014150097192599076,
    "cohens_d_mean": 0.21982112591074826,
    "p_seed0": 2.103500868607964e-05,
    "per_edge": {
      "Yi-1.5-9B->Zephyr-7B": 0.7342719999999999,
      "Yi-1.5-9B->Qwen2.5-7B": 0.704514,
      "Zephyr-7B->Yi-1.5-9B": 0.7271599999999999,
      "Zephyr-7B->Qwen2.5-7B": 0.707124,
      "Qwen2.5-7B->Yi-1.5-9B": 0.727942,
      "Qwen2.5-7B->Zephyr-7B": 0.728376
    },
    "per_model": {
      "Yi-1.5-9B": 0.723472,
      "Zephyr-7B": 0.7242329999999999,
      "Qwen2.5-7B": 0.716989
    }
  },
  "length_matched": {
    "auc_mean": 0.575806568287037,
    "auc_std": 0.03848953463487685,
    "cohens_d_mean": 0.11979645707876038,
    "p_seed0": 0.9195262246904455,
    "per_edge": {
      "Yi-1.5-9B->Zephyr-7B": 0.6205029899691359,
      "Yi-1.5-9B->Qwen2.5-7B": 0.5703004436728395,
      "Zephyr-7B->Yi-1.5-9B": 0.5867091049382716,
      "Zephyr-7B->Qwen2.5-7B": 0.5936173804012346,
      "Qwen2.5-7B->Yi-1.5-9B": 0.590844425154321,
      "Qwen2.5-7B->Zephyr-7B": 0.603636188271605
    },
    "per_model": {
      "Yi-1.5-9B": 0.592089240933642,
      "Zephyr-7B": 0.6011164158950617,
      "Qwen2.5-7B": 0.589599609375
    },
    "n_per_class": 575,
    "dec_len_mean": 1854.9443478260869,
    "hon_len_mean": 1854.5095652173914
  }
}