{
  "experiment": "E6 7-9B panel (SGB-021)",
  "config": "convincing-game",
  "n_per_class": 350,
  "panel": [
    {
      "name": "Yi-1.5-9B",
      "hf_id": "01-ai/Yi-1.5-9B-Chat"
    },
    {
      "name": "Zephyr-7B",
      "hf_id": "HuggingFaceH4/zephyr-7b-beta"
    },
    {
      "name": "Qwen2.5-7B",
      "hf_id": "Qwen/Qwen2.5-7B-Instruct"
    }
  ],
  "raw": {
    "auc_mean": 0.6937469387755103,
    "auc_std": 0.018864530048767418,
    "cohens_d_mean": 0.6791581701148617,
    "p_seed0": 9.775011992793156e-09,
    "per_edge": {
      "Yi-1.5-9B->Zephyr-7B": 0.8297469387755102,
      "Yi-1.5-9B->Qwen2.5-7B": 0.7171918367346939,
      "Zephyr-7B->Yi-1.5-9B": 0.6890448979591838,
      "Zephyr-7B->Qwen2.5-7B": 0.7697632653061225,
      "Qwen2.5-7B->Yi-1.5-9B": 0.7110204081632654,
      "Qwen2.5-7B->Zephyr-7B": 0.8488816326530612
    },
    "per_model": {
      "Yi-1.5-9B": 0.7367510204081633,
      "Zephyr-7B": 0.7843591836734694,
      "Qwen2.5-7B": 0.7617142857142857
    }
  },
  "length_matched": {
    "auc_mean": 0.6440828402366865,
    "auc_std": 0.023842585664001922,
    "cohens_d_mean": 0.5351329208430919,
    "p_seed0": 0.0006339903363352501,
    "per_edge": {
      "Yi-1.5-9B->Zephyr-7B": 0.759526627218935,
      "Yi-1.5-9B->Qwen2.5-7B": 0.6730769230769231,
      "Zephyr-7B->Yi-1.5-9B": 0.5763905325443788,
      "Zephyr-7B->Qwen2.5-7B": 0.6975147928994082,
      "Qwen2.5-7B->Yi-1.5-9B": 0.6453254437869822,
      "Qwen2.5-7B->Zephyr-7B": 0.8331360946745563
    },
    "per_model": {
      "Yi-1.5-9B": 0.6635798816568048,
      "Zephyr-7B": 0.7166420118343196,
      "Qwen2.5-7B": 0.7122633136094675
    },
    "n_per_class": 259,
    "dec_len_mean": 877.1814671814672,
    "hon_len_mean": 876.1351351351351
  }
}