{
  "experiment": "E6 7-9B panel (SGB-021)",
  "config": "alignment-faking-output",
  "n_per_class": 1000,
  "panel": [
    {
      "name": "Yi-1.5-9B",
      "hf_id": "01-ai/Yi-1.5-9B-Chat"
    },
    {
      "name": "Zephyr-7B",
      "hf_id": "HuggingFaceH4/zephyr-7b-beta"
    },
    {
      "name": "Qwen2.5-7B",
      "hf_id": "Qwen/Qwen2.5-7B-Instruct"
    }
  ],
  "raw": {
    "auc_mean": 0.4666696,
    "auc_std": 0.027219173459897696,
    "cohens_d_mean": -0.11565657420918311,
    "p_seed0": 0.4907230015780848,
    "per_edge": {
      "Yi-1.5-9B->Zephyr-7B": 0.44990199999999997,
      "Yi-1.5-9B->Qwen2.5-7B": 0.473556,
      "Zephyr-7B->Yi-1.5-9B": 0.45229400000000003,
      "Zephyr-7B->Qwen2.5-7B": 0.459104,
      "Qwen2.5-7B->Yi-1.5-9B": 0.487328,
      "Qwen2.5-7B->Zephyr-7B": 0.4691719999999999
    },
    "per_model": {
      "Yi-1.5-9B": 0.46576999999999996,
      "Zephyr-7B": 0.45761799999999997,
      "Qwen2.5-7B": 0.47229
    }
  },
  "length_matched": {
    "auc_mean": 0.4658044945698399,
    "auc_std": 0.011684519007996852,
    "cohens_d_mean": -0.10280858179845734,
    "p_seed0": 0.0452910331985342,
    "per_edge": {
      "Yi-1.5-9B->Zephyr-7B": 0.4567602912473391,
      "Yi-1.5-9B->Qwen2.5-7B": 0.47161272560115236,
      "Zephyr-7B->Yi-1.5-9B": 0.47296473468665345,
      "Zephyr-7B->Qwen2.5-7B": 0.4867060633920187,
      "Qwen2.5-7B->Yi-1.5-9B": 0.48586535956067084,
      "Qwen2.5-7B->Zephyr-7B": 0.48692238484569894
    },
    "per_model": {
      "Yi-1.5-9B": 0.4718007777739539,
      "Zephyr-7B": 0.47583836854292755,
      "Qwen2.5-7B": 0.4827766333498852
    },
    "n_per_class": 901,
    "dec_len_mean": 3312.344062153163,
    "hon_len_mean": 3319.9700332963375
  }
}