{
  "experiment": "E6 7-9B panel (SGB-021)",
  "config": "convincing-game",
  "n_per_class": 350,
  "panel": [
    {
      "name": "Yi-1.5-9B",
      "hf_id": "01-ai/Yi-1.5-9B-Chat"
    },
    {
      "name": "Zephyr-7B",
      "hf_id": "HuggingFaceH4/zephyr-7b-beta"
    },
    {
      "name": "Qwen2.5-7B",
      "hf_id": "Qwen/Qwen2.5-7B-Instruct"
    }
  ],
  "raw": {
    "auc_mean": 0.6845779591836735,
    "auc_std": 0.02184179252506619,
    "cohens_d_mean": 0.6650838208312605,
    "p_seed0": 6.909958114857824e-12,
    "per_edge": {
      "Yi-1.5-9B->Zephyr-7B": 0.814334693877551,
      "Yi-1.5-9B->Qwen2.5-7B": 0.7138285714285714,
      "Zephyr-7B->Yi-1.5-9B": 0.667395918367347,
      "Zephyr-7B->Qwen2.5-7B": 0.723330612244898,
      "Qwen2.5-7B->Yi-1.5-9B": 0.7001142857142858,
      "Qwen2.5-7B->Zephyr-7B": 0.849208163265306
    },
    "per_model": {
      "Yi-1.5-9B": 0.7239183673469388,
      "Zephyr-7B": 0.7635673469387756,
      "Qwen2.5-7B": 0.7466204081632654
    }
  },
  "length_matched": {
    "auc_mean": 0.6717633136094674,
    "auc_std": 0.02302282842049159,
    "cohens_d_mean": 0.6263893784407968,
    "p_seed0": 3.677370797212843e-05,
    "per_edge": {
      "Yi-1.5-9B->Zephyr-7B": 0.7818934911242604,
      "Yi-1.5-9B->Qwen2.5-7B": 0.6076331360946745,
      "Zephyr-7B->Yi-1.5-9B": 0.63,
      "Zephyr-7B->Qwen2.5-7B": 0.6293491124260355,
      "Qwen2.5-7B->Yi-1.5-9B": 0.6022485207100593,
      "Qwen2.5-7B->Zephyr-7B": 0.8021301775147929
    },
    "per_model": {
      "Yi-1.5-9B": 0.6554437869822486,
      "Zephyr-7B": 0.7108431952662722,
      "Qwen2.5-7B": 0.6603402366863906
    },
    "n_per_class": 260,
    "dec_len_mean": 880.4923076923077,
    "hon_len_mean": 873.5923076923077
  }
}