{
  "config": {
    "epochs": 300,
    "embed_dim": 64,
    "lr": 0.003,
    "seed": 42,
    "n_per_ontology": 400,
    "plot": true,
    "output": "results/attention_ablation_v2.json"
  },
  "n_types": 23,
  "dataset_size": 2536,
  "results": [
    {
      "model": "Standard Attention",
      "final_loss": 1.4694649373205044,
      "train_acc": 0.45660749506903353,
      "test_acc": 0.4744094488188976,
      "hallucination_rate": 0.0,
      "invalid_attn_weight": 0.29520493745803833,
      "valid_attn_weight": 0.43785417079925537,
      "attn_entropy": 0.6950598955154419,
      "training_time": 304.68687105178833,
      "epoch_losses": [
        1.8463359129444294,
        1.6961478254623725,
        1.6596161973253039,
        1.6273991102940555,
        1.6150025516175306,
        1.6019219908811873,
        1.5832771827013066,
        1.5828621405740755,
        1.5768187581772752,
        1.5711962640564705,
        1.5678203790421052,
        1.5538569231107977,
        1.550285029633768,
        1.5525216528304524,
        1.5422210334607307,
        1.5325251732690213,
        1.533226447653841,
        1.5236521266286924,
        1.5271022993762642,
        1.5263373785426277,
        1.5226601831673754,
        1.5254491026158752,
        1.5214331123382734,
        1.5243336514218966,
        1.5065662834896196,
        1.512755219543562,
        1.5114168160956876,
        1.5133077428406159,
        1.5047663896247245,
        1.5169178590002144,
        1.5030098290897216,
        1.5120259287640365,
        1.500141208436656,
        1.5030040575937171,
        1.5104336506104798,
        1.501303561480029,
        1.5092953360902193,
        1.5006961876809362,
        1.5040605310571087,
        1.4997214089189996,
        1.4944851425948462,
        1.5050505058549684,
        1.4929535212454477,
        1.4988987493168937,
        1.5077125031052845,
        1.4951141912130093,
        1.4948400126906072,
        1.497344111975951,
        1.494082762086415,
        1.4937027391612059,
        1.4980817632942554,
        1.4949335770045924,
        1.4930452785713697,
        1.5000937201699915,
        1.4959194858501532,
        1.4921652035313775,
        1.4912844076247507,
        1.4851819136027518,
        1.4916231753249494,
        1.4902873660494707,
        1.4867269797948661,
        1.4767958974462054,
        1.493495639266641,
        1.4826539359487139,
        1.4894739884361479,
        1.48887163140541,
        1.4932285093388262,
        1.4825315109878425,
        1.4934136524311536,
        1.480326480671205,
        1.492813998388762,
        1.491033589750293,
        1.48743683874563,
        1.4776168187209489,
        1.4902185869551974,
        1.4876235975613872,
        1.4799292216654243,
        1.4893221193942916,
        1.4841463109019122,
        1.4901854300566562,
        1.4817073204916493,
        1.4969492807187126,
        1.479986420816042,
        1.4809906888878086,
        1.4855756319589046,
        1.482572680219817,
        1.487329324115898,
        1.4866282465175176,
        1.4922953248905713,
        1.476764373602511,
        1.4864395933934804,
        1.483510308856736,
        1.4840283979839946,
        1.481606276812403,
        1.4818179577780075,
        1.4912969452499814,
        1.47882143164116,
        1.492186650942416,
        1.47471521830065,
        1.4890678951101601,
        1.4793489770761725,
        1.4788937624617382,
        1.4965886481774924,
        1.469151062791693,
        1.482075854026413,
        1.4778298899435844,
        1.4802884233700335,
        1.4813106611014677,
        1.4850560210248422,
        1.4831960769682475,
        1.4864584087041488,
        1.4821109357611433,
        1.4802860743136566,
        1.4802328092385915,
        1.4817300857333153,
        1.48325019388568,
        1.4856748142421128,
        1.476833800724625,
        1.4888343214584585,
        1.4793095507565335,
        1.4833640173165756,
        1.4901288268422703,
        1.4734992301697738,
        1.481256372884974,
        1.4768389774306403,
        1.4824828488359143,
        1.4797135353992148,
        1.4805284390699933,
        1.4796662621100891,
        1.4707218619610902,
        1.4868807079568065,
        1.475400965881242,
        1.4831805352077505,
        1.4809635533368917,
        1.4851110847758706,
        1.4824382612257607,
        1.4751237613503514,
        1.4821645430889885,
        1.4884925241815385,
        1.475354372830492,
        1.4805112393018174,
        1.4877652252217868,
        1.4777578816986119,
        1.472919800434504,
        1.4740294953348956,
        1.4854344387026228,
        1.4806661586069614,
        1.4812171876768507,
        1.477042238518717,
        1.4878566496237686,
        1.471800358323068,
        1.4789183889524882,
        1.4720498335196892,
        1.4838765773856075,
        1.478921436993093,
        1.480797872652669,
        1.47111440308877,
        1.4809622571011913,
        1.475389708333173,
        1.48605569681296,
        1.4720196543220996,
        1.4862576926593656,
        1.4778935202898889,
        1.4860086221563864,
        1.4715744563299407,
        1.4864338239254449,
        1.4735003089388976,
        1.4754844721575695,
        1.4769397565554938,
        1.480718471840735,
        1.4776317162817634,
        1.4758121642914162,
        1.4748758096358128,
        1.4722956506245177,
        1.4764702031278663,
        1.4720036618455627,
        1.479109451196779,
        1.4740677830750302,
        1.480317199374944,
        1.4753884111477809,
        1.4762208289420875,
        1.4773479498283575,
        1.4827543684084858,
        1.4714219464132419,
        1.481006209343613,
        1.4783377737335905,
        1.478212593273945,
        1.4850195203806758,
        1.4767273559769583,
        1.4759557434748969,
        1.4754601766114699,
        1.480247515501708,
        1.476825567300356,
        1.4742277052393091,
        1.475401282045968,
        1.4774354410411044,
        1.4769855387788082,
        1.4771342097581373,
        1.4780593301138347,
        1.4772179301835493,
        1.4770624069699052,
        1.4707281622719717,
        1.4781260090114097,
        1.4771285069779414,
        1.4793315156265594,
        1.4859639731413985,
        1.4712111543445192,
        1.4811429846150106,
        1.4829459936051268,
        1.4712158783138738,
        1.4779897667761503,
        1.4751412430355653,
        1.4760575731646792,
        1.475527356946345,
        1.477290935064914,
        1.4772461480157968,
        1.472354973179584,
        1.4806718198358424,
        1.4782846109166419,
        1.474538760527939,
        1.4762124285410494,
        1.4763095037647957,
        1.4776252739175537,
        1.4740625736634274,
        1.4780535540549007,
        1.478278119851793,
        1.4830199554360506,
        1.4738247318237403,
        1.4793853662408434,
        1.4784728088866206,
        1.472470678117207,
        1.4705549191933354,
        1.4767061477358026,
        1.4804483246447655,
        1.475236399198425,
        1.48045666310826,
        1.4732978222542672,
        1.4774873940663549,
        1.479823123141058,
        1.4780594090797021,
        1.4731892594292437,
        1.4727533848210435,
        1.4750305473201961,
        1.4784311137623218,
        1.4740183573781973,
        1.4758878105358613,
        1.473124622453658,
        1.4778934626948435,
        1.4783686978680024,
        1.4763646410076459,
        1.4834145995984827,
        1.4734900241802196,
        1.4772278718609928,
        1.4767110913191028,
        1.483074728965289,
        1.4734230807649902,
        1.474444855055983,
        1.475456112712857,
        1.4750298386774001,
        1.4716464901559745,
        1.4740637718080827,
        1.4785304384442006,
        1.4733557466351421,
        1.48564933334097,
        1.4782033295883141,
